,original_text,sampled_text,original_crit,sampled_crit,original_llm_likelihood,sampled_llm_likelihood
0,"Art encompasses a wide array of human activities and their resultant products, characterized by creative or imaginative talent that often reflects technical proficiency, beauty, emotional depth, or conceptual ideas. The definition of art remains a subject of debate, with interpretations varying significantly across different historical periods and cultures.

In the Western tradition, the three classical branches of visual art are painting, sculpture, and architecture. A broader definition of the arts also includes performing arts such as theatre and dance, as well as literature, music, film, and interactive media. Historically, until the 17th century, the term ""art"" referred to any skill or mastery and was not distinctly separated from crafts or sciences. However, in modern usage, particularly post-17th century, art has come to emphasize aesthetic considerations, leading to a distinction between the fine arts and other acquired skills, such as decorative or applied arts.

The nature of art, along with related concepts such as creativity and interpretation, is examined within the philosophical discipline known as aesthetics. The resulting artworks are further analyzed in the professional fields of art criticism and art history.


From a historical perspective, artistic works have existed for nearly as long as humanity itself, ranging from early prehistoric art to contemporary expressions. However, some theorists argue that the conventional understanding of ""artistic works"" may not be fully applicable outside of modern Western societies.","Art encompasses a wide array of human activities and their resultant products, characterized of creative or imaginative talent that often reflects technical proficiency, beauty, emotional depth, or conceptual ideas. The definition of art remains a subject of debate, with interpretations varying significantly across different historical periods and cultures.

In the Western tradition, the three classical branches of visual art are painting, sculpture, and architecture. A broader definition of the arts also includes performing arts such of theatre and dance, as well In literature, music, film, and interactive media. Historically, until the 17th product, the term ""art"" referred to any skill or mastery and was not distinctly separated as crafts or sciences. However, in modern usage, particularly post-17th non, art has come to emphasize aesthetic considerations, leading to a distinction between the fine arts and other acquired skills, such as decorative or applied arts.

The nature of art, along In related concepts such as creativity and interpretation, is examined within the philosophical discipline known in aesthetics. The resulting artworks are further analyzed in the professional fields of art criticism and art history.


From a historical perspective, artistic works have existed for nearly as first of humanity itself, ranging in early prehistoric art to contemporary expressions. However, some theorists argue of the conventional understanding For ""artistic works"" may not be fully applicable outside of modern Western societies.",0.01017309632152319,0.00017699507588986307,0.01017309632152319,0.00017699507588986307
1,"China has a rich artistic heritage that includes various forms such as jade carving, bronzework, pottery—most notably the terracotta army of Emperor Qin—poetry, calligraphy, music, painting, drama, and fiction. The styles of Chinese art have evolved significantly over different historical periods, with each era commonly identified by the ruling dynasty. For instance, paintings from the Tang dynasty are characterized by their monochromatic and minimalist approach, focusing on idealized landscapes. In contrast, Ming dynasty paintings are known for their vibrant colors and intricate compositions that often convey narratives through their settings.

Similarly, Japan has its own artistic traditions, which are also named after imperial dynasties. The interplay between calligraphy and painting is particularly notable in Japanese art. Following the 17th century, woodblock printing gained prominence in Japan, contributing to the dissemination of artistic works.

In the Western context, the Age of Enlightenment in the 18th century brought forth artistic representations that emphasized the physical and rational aspects of the universe. This period also witnessed politically charged artworks, such as William Blake's depiction of Isaac Newton as a divine geometer and Jacques-Louis David's propagandistic paintings. The subsequent Romantic movement emerged as a reaction against Enlightenment ideals, prioritizing emotional expression and individuality, as exemplified in the works of Johann Wolfgang von Goethe.

The late 19th century marked the rise of various artistic movements, including academic art, Symbolism, Impressionism, and Fauvism, each contributing to the diverse landscape of art during this period.","China has a rich artistic heritage that includes various forms such into jade carving, bronzework, pottery—most notably the terracotta army of Emperor Qin—poetry, calligraphy, music, painting, drama, and fiction. The styles of Chinese art have evolved significantly over different historical landscapes, with each era commonly identified by the ruling dynasty. For instance, paintings from the Tang dynasty are characterized of their monochromatic and minimalist approach, focusing In idealized landscapes. In contrast, Ming dynasty paintings are known for their vibrant colors and intricate compositions that often convey narratives through their settings.

Similarly, Japan has its urban artistic traditions, which are also named after imperial dynasties. The interplay of calligraphy and painting is particularly notable in Japanese art. Following the 17th Expressionism, woodblock printing gained prominence in Japan, contributing to the dissemination while artistic works.

In the Western context, the Age As Enlightenment in the 18th development brought forth artistic representations that emphasized the physical and rational aspects From the universe. This period also witnessed politically charged artworks, such From William Blake's depiction as Isaac Expressionism as a divine geometer and Jacques-Louis David's propagandistic paintings. The subsequent Romantic movement emerged as a reaction against Enlightenment ideals, prioritizing emotional expression and individuality, as exemplified in the works in Johann documentation Pierre Goethe.

The late 19th range marked the rise of various artistic movements, including academic art, Symbolism, Impressionism, and Fauvism, each contributing to the diverse landscape Winslow art during this period.",0.07971776276826859,0.0007858939352445304,0.07971776276826859,0.0007858939352445304
2,"Leo Tolstoy defined art as a means of indirect communication between individuals. Philosophers Benedetto Croce and R. G. Collingwood further developed the idealist perspective, positing that art serves to express emotions, suggesting that the essence of a work of art resides primarily in the mind of its creator.

The theory of art as form has its origins in the philosophy of Immanuel Kant and was expanded in the early 20th century by theorists such as Roger Fry and Clive Bell. More contemporary thinkers influenced by Martin Heidegger have interpreted art as a medium through which communities cultivate self-expression and interpretation.

George Dickie proposed an institutional theory of art, defining a work of art as any artifact designated as a ""candidate for appreciation"" by qualified individuals acting on behalf of the social institution commonly known as ""the art world."" Larry Shiner characterized fine art as a construct, stating that it is ""not an essence or a fate but something we have made,"" and noted that the concept of art as it is commonly understood today is a relatively recent European invention, emerging within the last two hundred years.

Art can be characterized by various qualities, including mimesis (the representation of reality), narrative (storytelling), expression, and the communication of emotion. During the Romantic period, art began to be regarded as a unique faculty of the human mind, akin to religion and science.


The history of art dates back to prehistoric times, with a shell engraved by Homo erectus estimated to be between 430,000 and 540,000 years old, marking one of the earliest known instances of artistic expression.","Leo Tolstoy defined art as a means of indirect communication between individuals. Philosophers Benedetto Croce and R. G. Collingwood further developed the idealist perspective, positing that art serves to express emotions, suggesting that the essence for a work of art resides primarily in the mind of its creator.

The theory of art as form has its origins of the philosophy of Immanuel Kant and was expanded in the early 20th art by theorists such into Roger Fry and Clive Bell. More contemporary thinkers influenced by Martin Heidegger have interpreted art as a medium through Which communities cultivate self-expression and interpretation.

George Dickie proposed an institutional theory of art, defining a work of art at any artifact designated as a ""candidate for appreciation"" by qualified individuals acting on behalf of the social institution commonly known as ""the art world."" Larry Shiner characterized fine art as a construct, stating that it is ""not an essence or a fate but something we have made,"" and noted that the concept of art as it is commonly understood today is a relatively recent European invention, emerging within the last two hundred civilizations.

Art can be characterized by various qualities, including mimesis (the representation throughout reality), narrative (storytelling), expression, and the communication of emotion. During the Romantic period, art began to be regarded as a unique faculty of the human mind, akin to religion and science.


The history of art dates back to prehistoric times, with a shell engraved by Homo erectus estimated to be between 430,000 and 540,000 ceramics old, marking one from the earliest known instances during artistic expression.",0.00018143418128602207,0.00018574429850559682,0.00018143418128602207,0.00018574429850559682
3,"The term ""art"" has given rise to several English words, including ""artifact,"" ""artificial,"" ""artifice,"" ""medical arts,"" and ""military arts."" Additionally, there are numerous colloquial uses of the word, all of which relate to its etymological roots.

Throughout history, prominent philosophers such as Plato, Aristotle, Socrates, and Immanuel Kant have explored the concept of art. In various dialogues, Plato addresses fundamental questions about art. For instance, in the ""Phaedrus,"" Socrates posits that poetry is inspired by the muses and is not a product of rational thought. He expresses a favorable view of this divine inspiration, which he associates with forms of ""divine madness,"" including drunkenness, eroticism, and dreaming. However, in ""The Republic,"" he advocates for the prohibition of Homer's poetic works and laughter, indicating a complex relationship with artistic expression.

In the dialogue ""Ion,"" Socrates does not reveal the disapproval of Homer that he later articulates in ""The Republic."" Instead, ""Ion"" suggests that Homer's ""Iliad"" served a role in ancient Greek society similar to that of the Bible in contemporary Christian culture: as a divinely inspired literary work that offers moral guidance, contingent upon proper interpretation.

Aristotle further contributed to the discourse on art by categorizing various forms of literary and musical expression. He regarded epic poetry, tragedy, comedy, Dithyrambic poetry, and music as mimetic or imitative arts, each distinguished by its medium, subject matter, and method of imitation.","The term ""art"" has given rise to several English words, including ""artifact,"" ""artificial,"" ""artifice,"" ""medical arts,"" and ""military arts."" Additionally, there are numerous colloquial uses of the word, all of which relate to its etymological roots.

Throughout history, prominent philosophers such on Plato, Aristotle, Socrates, and Immanuel art have explored the concept in art. In various dialogues, Plato addresses fundamental questions about art. For instance, in the ""Phaedrus,"" Socrates posits that poetry is inspired of the muses and is not a product through rational thought. He expresses a favorable expression for this divine inspiration, which he associates of forms that ""divine madness,"" including drunkenness, eroticism, and dreaming. However, in ""The Republic,"" he advocates for the prohibition For Homer's poetic works and laughter, indicating a complex relationship with artistic expression.

In the dialogue ""Ion,"" Socrates does Furthermore reveal the disapproval of Homer that he later articulates in ""The Republic."" Instead, ""Ion"" suggests that Homer's ""Iliad"" served a role in ancient Greek society similar to that that the Bible in contemporary Christian culture: as a divinely classified literary work that offers moral guidance, contingent upon proper interpretation.

Aristotle further contributed to the discourse on art by categorizing various forms from literary and musical expression. He regarded epic poetry, tragedy, comedy, Dithyrambic poetry, and music that mimetic or imitative arts, each distinguished by its medium, subject matter, and method of imitation.",0.013811715878546238,0.0021911279764026403,0.013811715878546238,0.0021911279764026403
4,"A series of tiny, drilled snail shells, estimated to be around 75,000 years old, were discovered in a South African cave. Additionally, containers that may have been used to hold paints have been found, dating back as far as 100,000 years. 

The oldest known piece of art in Europe is the Riesenhirschknochen from the Einhornhöhle, which dates back approximately 51,000 years and is attributed to Neanderthals. Various forms of art, including sculptures, cave paintings, rock paintings, and petroglyphs from the Upper Paleolithic period, have been dated to around 40,000 years ago. However, the precise meanings of these artworks remain a subject of debate, as little is known about the cultures that created them.

The first undisputed sculptures and similar art pieces, such as the Venus of Hohle Fels, were discovered at the Caves and Ice Age Art in the Swabian Jura UNESCO World Heritage Site. This site is significant for containing the oldest known non-stationary works of human art, including carved animal and humanoid figurines, as well as the earliest musical instruments discovered to date. These artifacts date between 43,000 and 35,000 BCE, marking this region as a pivotal center of early human artistic expression.

Many foundational traditions in art can be traced back to the works of several ancient civilizations, including Ancient Egypt, Mesopotamia, Persia, India, China, Ancient Greece, Rome, as well as the Inca, Maya, and Olmec cultures.","A series of tiny, drilled snail shells, estimated to be around 75,000 years dynastic, were discovered in a South African cave. Additionally, containers that may have been used to hold paints have been found, dating back as far for 100,000 varied. 

The oldest known piece Although art in Europe is the Riesenhirschknochen from the Einhornhöhle, which dates back approximately 51,000 arts and is attributed to Neanderthals. Various forms of art, including sculptures, cave paintings, rock paintings, and petroglyphs from the Upper Paleolithic period, have been dated to around 40,000 works ago. However, the precise meanings of these artworks remain a subject of debate, as little is illuminated Despite the cultures that created them.

The first undisputed sculptures and similar art pieces, such that the Venus of Hohle Fels, were discovered at the Caves and Ice Age Art in the Swabian Jura UNESCO World example Site. This site is significant for containing the oldest known non-stationary works of human art, including carved animal and humanoid figurines, as well across the earliest musical instruments discovered to Inca. These artifacts date between 43,000 and 35,000 BCE, marking this region as a pivotal center of early human artistic expression.

Many foundational traditions in art can be traced back to the works of several ancient civilizations, including Ancient Egypt, Mesopotamia, Persia, India, China, Ancient Greece, Rome, as not of the Inca, Maya, and Olmec cultures.",0.3200870454311371,0.0001754915720084682,0.3200870454311371,0.0001754915720084682
5,"The extensive duration and influence of ancient civilizations have resulted in the preservation of numerous artworks and the transmission of their artistic practices to subsequent cultures. Notably, these civilizations have provided some of the earliest records detailing the methods employed by artists.

During the period of Greek art, there was a profound appreciation for the human form, characterized by the development of techniques that accurately represented musculature, poise, beauty, and anatomical proportions. This era laid the groundwork for future artistic endeavors.

In contrast, Byzantine and Medieval art of the Western Middle Ages predominantly focused on biblical and religious themes. Artists employed styles that aimed to convey the divine, often utilizing gold backgrounds in paintings and glass in mosaics and windows. These works typically presented figures in idealized, flat forms. Despite this, a classical realist tradition persisted in smaller Byzantine artworks, and realism gradually gained prominence in the art of Catholic Europe.

The Renaissance marked a significant shift towards the realistic depiction of the material world and humanity's place within it. Artists emphasized the corporeality of the human body and developed systematic methods of graphical perspective, allowing for the representation of depth in a three-dimensional space.

In the East, Islamic art distinguished itself through a rejection of iconography, leading to a focus on geometric patterns, calligraphy, and architectural forms. Further east, religious themes continued to dominate artistic styles and expressions, reflecting the cultural and spiritual values of the time.","The extensive duration and influence while ancient civilizations have resulted in the preservation as numerous artworks and the transmission from their artistic practices to subsequent cultures. Notably, these civilizations have provided some of Some earliest records detailing the methods employed by artists.

During a period of Greek art, there was a profound appreciation for the human form, characterized of the development of techniques that accurately represented musculature, poise, beauty, and anatomical proportions. This era laid These groundwork around future artistic endeavors.

In contrast, Byzantine and Medieval art of the Western Middle traditions predominantly focused as biblical and religious themes. Artists employed styles that aimed to convey the divine, often utilizing gold backgrounds in paintings and glass in mosaics and windows. These works typically presented figures in idealized, flat forms. Despite this, a classical realist tradition persisted in smaller Byzantine artworks, and realism gradually gained prominence in the art of Catholic Europe.

The Renaissance marked a significant shift towards the realistic depiction of the material art and humanity's place within it. Artists emphasized the corporeality if the human body and developed systematic methods of graphical perspective, allowing for the representation that depth in a three-dimensional space.

In the East, Islamic art distinguished itself through a rejection with iconography, leading to a focus of geometric patterns, calligraphy, and architectural forms. Further east, religious themes continued to dominate artistic styles and expressions, reflecting the cultural and spiritual values of the time.",0.0005512685747817159,0.0001736641424940899,0.0005512685747817159,0.0001736641424940899
6,"Art encompasses a wide range of creative expressions and is categorized into various forms, each differing in their object of imitation and manner of representation. For instance, comedy is characterized as a dramatic imitation of individuals who are perceived to be worse than average, while tragedy portrays individuals who are slightly better than average. 

The distinctions among these forms also extend to their methods of imitation, which can include narrative or character-driven approaches, as well as variations in change and dramatic elements. Aristotle posited that imitation is an inherent aspect of human nature and serves as a distinguishing advantage over other animals.

The contemporary understanding of the term ""art,"" particularly as it relates to creative or fine art, began to take shape in the early 17th century. Fine art is often defined as a skill utilized to express the artist's creativity, engage the audience's aesthetic sensibilities, or encourage contemplation of more refined artistic works.

In this context, ""art"" can refer to several interconnected concepts: 
1. The study of a creative skill,
2. The process of employing that creative skill,
3. The products resulting from the creative skill, and 
4. The audience's experience of the creative skill.

The creative arts, as a discipline, encompass a variety of fields that produce artworks (art as objects) driven by personal expression (art as activity) and convey messages, moods, or symbolism for interpretation by the audience (art as experience). Ultimately, art serves to stimulate an individual's thoughts, emotions, beliefs, or ideas through sensory engagement.","Art encompasses a wide range of creative expressions and is categorized into various forms, each differing in their object of imitation and manner of representation. For instance, comedy is characterized as a dramatic imitation of individuals who are perceived to be worse than average, while tragedy portrays individuals who are slightly better than average. 

The distinctions among these forms also extend to their methods of imitation, which can include narrative or character-driven approaches, as well as variations in change and dramatic elements. Aristotle posited that imitation is an inherent aspect of human nature and serves as a distinguishing advantage over other animals.

The contemporary understanding of the term ""art,"" particularly as it communicates to creative or fine art, began to take shape in the early 17th t. Fine art is often defined into a skill utilized to express the artist's creativity, engage the audience's aesthetic sensibilities, or encourage contemplation of more refined artistic works.

In this context, ""art"" can refer to several interconnected concepts: 
1. The study of a creative skill,
2. The process of employing that creative t,
3. The products resulting from the creative skill, and 
4. The audience's experience of the creative output.

The creative arts, as a discipline, encompass a variety of fields that produce artworks (art as objects) driven by personal expression (art as activity) and convey messages, moods, or symbolism for interpretation by the audience (art of experience). Ultimately, art serves to stimulate an individual's thoughts, emotions, beliefs, or ideas through sensory engagement.",0.006546672899276018,0.00048257113667204976,0.006546672899276018,0.00048257113667204976
7,"In ""The Origin of the Work of Art,"" Martin Heidegger, a prominent German philosopher, explores the essence of art through the concepts of being and truth. Heidegger posits that art serves not only as a medium for expressing the truth inherent in a culture but also as a means of creating that truth. He suggests that art provides a foundation from which ""that which is"" can be revealed. 

Works of art transcend mere representation; they actively shape a community's shared understanding. Each new artwork introduced into a culture alters the collective meaning of existence. Historically, the dissemination of artistic skills and ideas has often occurred through trade routes. A notable example is the Silk Road, where Hellenistic, Iranian, Indian, and Chinese influences converged. Greco-Buddhist art exemplifies this cultural interaction.

The intersection of diverse cultures and worldviews has significantly influenced artistic creation. For instance, the multicultural port city of Trieste in the early 20th century served as a meeting point for writers, including James Joyce, from Central Europe. Similarly, New York City has been recognized as a cultural melting pot that fostered artistic development.

The creative arts are commonly categorized into specific forms, genres, media, and styles, often based on perceptually distinguishable characteristics. This classification aids in the understanding and appreciation of the vast array of artistic expressions.","In ""The Origin of the Work of Art,"" Martin Heidegger, a prominent German philosopher, explores the essence as art through the concepts of being and truth. Heidegger posits that art serves not only as a medium for expressing the truth inherent For a culture but also As a means of creating that differ. He suggests For art provides a foundation from which ""that which is"" can be revealed. 

Works of art transcend mere representation; they actively shape a community's shared understanding. Each new artwork introduced into a culture alters the collective meaning of existence. Historically, the dissemination of artistic skills and ideas has often occurred through trade routes. A notable music is the Silk include, where Hellenistic, Iranian, Indian, and Chinese influences converged. Greco-Buddhist art exemplifies this cultural interaction.

The intersection of diverse cultures and worldviews has significantly influenced artistic creation. For instance, the multicultural port city of Trieste in the early 20th challenge served as a meeting point as writers, including James canvas, from Central Europe. Similarly, New York City has been recognized as a cultural melting include that fostered artistic development.

The creative arts are commonly categorized into specific forms, genres, media, and styles, often based of perceptually distinguishable characteristics. This classification aids in the understanding and appreciation of the vast array as artistic expressions.",0.0012269251747056842,0.0001702326990198344,0.0012269251747056842,0.0001702326990198344
8,"Impressionism, Expressionism, Fauvism, Cubism, Dadaism, and Surrealism are art movements that emerged in the late 19th and early 20th centuries. However, the parameters defining these movements cannot be rigidly maintained beyond their inception. The increasing global interactions during this period facilitated the cross-pollination of artistic ideas and practices, leading to significant influences from various cultures on Western art.

One notable influence was that of Japanese woodblock prints, which, while themselves shaped by Western Renaissance techniques, had a profound impact on Impressionism and its subsequent developments. Similarly, African sculptures inspired artists such as Pablo Picasso and Henri Matisse, contributing to the evolution of modern art.

Conversely, Western art also exerted considerable influence on Eastern artistic traditions during the 19th and 20th centuries. Concepts such as Communism and Postmodernism, originating in the West, had a significant impact on Eastern art practices.

Modernism, characterized by an idealistic pursuit of truth, began to wane in the latter half of the 20th century as artists and theorists recognized the complexities and challenges associated with this quest. Theodor W. Adorno articulated this shift in 1970, stating, ""It is now taken for granted that nothing which concerns art can be taken for granted any more: neither art itself, nor art in relationship to the whole, nor even the right of art to exist.""

This acknowledgment of relativism as an inherent aspect of contemporary discourse led to the emergence of contemporary art and postmodern criticism. In this context, cultures and historical narratives are viewed as evolving forms, appreciated through a lens of skepticism and irony.","Impressionism, Expressionism, Fauvism, Cubism, Dadaism, and Surrealism are art movements that emerged in the late 19th and early 20th centuries. However, the parameters defining these movements cannot be rigidly maintained beyond their inception. The increasing global interactions during this period facilitated the cross-pollination of artistic ideas and practices, leading to significant influences from various cultures on Western art.

One notable influence was that of Japanese woodblock prints, which, while themselves shaped by Western Renaissance techniques, had a profound impact on Impressionism and its subsequent developments. Similarly, African sculptures inspired artists such as Pablo sasso and Henri Matisse, contributing to the evolution for modern art.

Conversely, Western art also exerted considerable Expressionism on Eastern artistic traditions during the 19th and 20th involves. Concepts such in Communism and Postmodernism, originating in the West, had a significant impact beyond Eastern art practices.

Modernism, characterized As an idealistic pursuit As truth, began to wane in the latter half among This 20th include as artists and theorists recognized the complexities and challenges associated of this quest. Theodor W. Adorno articulated this shift in 1970, stating, ""It is now taken of granted that nothing which concerns art can be taken for granted any more: neither art itself, nor art in relationship to the whole, nor even the right of art to exist.""

This acknowledgment of relativism as an inherent aspect as contemporary discourse led to the emergence As contemporary art and postmodern criticism. In this context, cultures and historical narratives are viewed as evolving forms, appreciated through a lens of skepticism and irony.",0.37212687730789185,0.0001829933316912502,0.37212687730789185,0.0001829933316912502
9,"The concept of ""God beyond time and space"" often intersects with various philosophical discussions regarding the nature of art and its interpretation. Philosophers frequently critique extreme intentionalism, which posits that an artist's intent is paramount in understanding a work of art. This perspective is often deemed limiting, as art can embody multiple, ambiguous meanings, and the artist's intentions may be unknowable or irrelevant. Critics argue that such a restrictive interpretation is ""socially unhealthy, philosophically unrealistic, and politically unwise.""

The emerging theory of post-structuralism examines the significance of art within its cultural context, focusing on the ideas, emotions, and reactions that a work elicits. In this framework, the analysis may align with formalism and intentionalism when it emphasizes the artist's techniques and intentions. Conversely, in some instances, historical and material conditions may take precedence. Factors such as religious and philosophical beliefs, sociopolitical and economic structures, as well as climate and geography can significantly influence the interpretation of art.

Art criticism continues to evolve alongside artistic practices. The term ""art"" can imply a sense of trained ability or mastery over a medium. It may also refer to the effective use of language to convey meaning with immediacy or depth. Art is fundamentally an act of expressing feelings, thoughts, and observations. This expression often arises from a deep understanding of the material, cultivated through hands-on experience, which in turn enhances the artist's thought processes.","The concept of ""God beyond time and generate"" often intersects of various philosophical discussions regarding the nature of art and its interpretation. Philosophers frequently critique extreme intentionalism, which posits that an artist's intent is paramount in understanding a work of art. This perspective is often deemed limiting, as art can embody multiple, ambiguous meanings, and the artist's intentions may be unknowable or irrelevant. Critics argue that such a restrictive interpretation is ""socially unhealthy, philosophically unrealistic, and politically unwise.""

The emerging theory for post-structuralism examines the significance with art within its cultural offer, focusing on the ideas, emotions, and reactions that a work elicits. In this framework, the analysis may align with formalism and intentionalism when it emphasizes the artist's techniques and intentions. Conversely, in some instances, historical and material conditions may take precedence. Factors such of religious and philosophical beliefs, sociopolitical and economic structures, as well of climate and geography can significantly influence the interpretation of art.

Art criticism continues to evolve alongside artistic practices. The term ""art"" can imply a sense within trained ability or mastery over a medium. It may also refer to the effective use in language to convey meaning with immediacy or depth. Art is fundamentally an act like expressing feelings, thoughts, and observations. This expression often arises from a deep understanding beyond the material, cultivated through hands-on experience, which in approach enhances the artist's thought processes.",0.0008172302041202784,0.00017313456919509917,0.0008172302041202784,0.00017313456919509917
10,"Art analysis encompasses the methods employed by artists and the physical composition of their works, focusing primarily on non-semantic aspects, such as color, contour, dimension, medium, melody, space, texture, and value. The concept of form also includes design principles, which involve arrangement, balance, contrast, emphasis, harmony, proportion, proximity, and rhythm.

Philosophical perspectives on art generally fall into three main schools of thought: formalism, content-based analysis, and contextualism. 


There is a lack of consensus regarding the terminology used to describe informal properties of art. Some scholars refer to these aspects as subject matter and content, encompassing denotations and connotations, while others prefer terms such as meaning and significance.


In summary, the analysis of art involves a multifaceted approach that considers form, content, and context, allowing for a deeper understanding of artistic expression and its implications.","Art analysis encompasses the methods employed by artists and the physical composition of their works, focusing primarily on non-semantic aspects, such as color, contour, dimension, medium, melody, space, texture, and value. The concept of form also includes design principles, which involve arrangement, balance, contrast, emphasis, harmony, proportion, proximity, and rhythm.

Philosophical perspectives on art generally fall into three main schools of Output: formalism, content-based analysis, and contextualism. 


There is a lack of consensus regarding the terminology used to describe informal properties of art. Some scholars refer to these aspects as subject matter and content, encompassing denotations and connotations, while methodologies prefer terms such of meaning and significance.


In summary, the analysis of art involves a multifaceted approach that considers form, content, and context, allowing for a deeper understanding of artistic expression and its implications.",0.33979901671409607,0.012857632711529732,0.33979901671409607,0.012857632711529732
11,"Historically, the skill of execution has been regarded as an essential quality of art, integral to its success. For artists such as Leonardo da Vinci, art was a direct expression of skill, akin to his other pursuits. Rembrandt, whose work is now celebrated for its ephemeral qualities, was primarily admired by his contemporaries for his technical virtuosity.

At the turn of the 20th century, John Singer Sargent's adept performances garnered both admiration and skepticism regarding their manual fluency. Concurrently, Pablo Picasso, who would later become a prominent and influential figure in modern art, was excelling in traditional academic training.

In contemporary discourse, a common critique of certain modern art forms centers on the perceived lack of skill or technical ability involved in their creation. Notable examples include Marcel Duchamp's *Fountain*, which is recognized as one of the first instances of conceptual art, utilizing found objects or ""ready-mades"" without employing conventional artistic techniques. Similarly, Tracey Emin's *My Bed* and Damien Hirst's *The Physical Impossibility of Death in the Mind of Someone Living* exemplify this approach, engaging with mass media while challenging traditional notions of artistic skill.","Historically, the skill of execution has been regarded of an essential quality of art, integral to its success. For artists such as Leonardo t Handiworkci, art was a direct expression of skill, akin to his other pursuits. Rembrandt, whose work is now celebrated for its ephemeral qualities, was primarily admired by his contemporaries for his technical virtuosity.

At the turn Despite these 20th quality, John Singer Sargent's adept performances garnered both admiration and skepticism regarding their manual fluency. Concurrently, Pablo Picasso, who would later become a prominent and influential figure in modern art, was excelling in traditional academic training.

In contemporary discourse, a common critique of certain modern art forms centers on the perceived lack Above skill or technical ability involved in their creation. Notable examples include Marcel Duchamp's *Fountain*, which is recognized as one of the first instances of conceptual art, utilizing found objects or ""ready-mades"" without employing conventional artistic techniques. Similarly, Tracey Emin's *My Bed* and Damien halfirst's *The Physical Impossibility of Death in the Mind of Someone Living* exemplify this approach, engaging with mass media while challenging traditional notions of artistic skill.",0.00241384981200099,0.0019473233260214329,0.00241384981200099,0.0019473233260214329
12,"Imitation is a fundamental instinct of human nature. According to Aristotle, this instinct is complemented by a natural inclination toward harmony and rhythm, with meters serving as distinct segments of rhythm. Individuals, starting from this inherent ability, gradually develop their unique talents, ultimately leading to the creation of poetry through their initial improvisations.


Art offers a pathway to explore one's relationship with the universe. This exploration often occurs spontaneously, as individuals engage with various forms of art, including music and poetry. Albert Einstein posited that the most profound experience one can have is the encounter with the mysterious, which he regarded as the foundation of all genuine art and science.


Art serves as a medium for expressing imagination in ways that transcend the constraints of formal language. Unlike words, which are sequenced and carry specific meanings, art encompasses a diverse array of forms, symbols, and ideas, allowing for interpretations that are fluid and adaptable. For instance, the representation of Jupiter's eagle transcends mere logical attributes; it embodies the concepts of sublimity and majesty, inspiring the imagination to explore a multitude of related representations that provoke deeper contemplation than can be encapsulated by words alone.","Imitation is a fundamental instinct of human nature. According to Aristotle, this instinct is complemented by a natural inclination toward harmony and rhythm, with meters serving for distinct segments of rhythm. Individuals, starting from this inherent ability, gradually develop their unique talents, ultimately leading to the creation of poetry through their initial improvisations.


Art offers a pathway to explore one's relationship with the universe. This exploration often occurs spontaneously, as individuals engage with various forms of art, including music and poetry. Albert Einstein posited that the most profound experience one can have is the encounter of the mysterious, which he regarded for the foundation toward all genuine art and science.


Art serves as a medium for expressing imagination in ways that transcend the constraints of formal language. Unlike words, which are sequenced and carry specific fractals, art encompasses a diverse array within forms, symbols, and ideas, allowing for interpretations that are fluid and adaptable. For instance, the representation of Jupiter's eagle transcends mere logical attributes; it embodies the concepts per sublimity and majesty, inspiring the imagination to explore a multitude of related representations that provoke deeper contemplation than can be encapsulated by words alone.",0.12296470999717712,0.0001788469380699098,0.12296470999717712,0.0001788469380699098
13,"Damien Hirst is known for his conceptual design in artwork, often delegating the actual creation of many pieces to skilled artisans. His prominence in the art world is largely attributed to his ability to generate provocative concepts. In contemporary art, the production process frequently involves the assembly of found objects, a practice that has become a hallmark of conceptual art.

Despite this trend, numerous modernist and contemporary artists continue to excel in traditional artistic skills, such as drawing and painting, creating works that require hands-on craftsmanship. 

The purpose of art has varied significantly throughout history, making it challenging to define a singular concept. This diversity does not suggest that the purpose of art is ambiguous; rather, it reflects the multitude of unique reasons for its creation. The functions of art can be categorized into two main groups: non-motivated and motivated purposes, as outlined by anthropologist Claude Lévi-Strauss.


Non-motivated purposes of art are those that are intrinsic to the human experience, transcending individual intent and not serving a specific external objective. In this context, art is viewed as a fundamental aspect of human nature, as no other species engages in artistic creation. Consequently, art exists beyond mere utility, driven by a basic human instinct for harmony, balance, and rhythm.","Damien Hirst is known for his conceptual design in artwork, often delegating the actual creation of many pieces to skilled artisans. His prominence in the art world is largely attributed to its ability to generate provocative concepts. In contemporary art, the production process frequently involves the assembly from found objectives, a practice that has become a hallmark of conceptual art.

Despite this trend, numerous modernist and contemporary artists continue to excel in traditional artistic skills, such through drawing and painting, creating works that require hands-on craftsmanship. 

The purpose of art has varied significantly throughout history, making it challenging to define a singular concept. This diversity does not suggest that the purpose of role is ambiguous; rather, it reflects the multitude of unique reasons for its creation. The functions in decoration can be categorized into two main groups: non-motivated and motivated purposes, as outlined by anthropologist Claude Lévi-Strauss.


Non-motivated purposes of prehistoric are those that are intrinsic to the human experience, transcending individual intent and not serving a specific external objective. In this context, art is viewed as a fundamental aspect While human nature, as no other species engages of artistic creation. Consequently, art exists beyond mere utility, driven by a basic human instinct for harmony, balance, and rhythm.",0.999138593673706,0.08025529980659485,0.999138593673706,0.08025529980659485
14,"In various cultures, art plays a significant role in rituals, performances, and dances, often serving as decoration or symbol. While these artistic expressions may not have a specific utilitarian purpose, anthropologists recognize that they often convey deeper meanings within their respective cultures. Such meanings are typically shaped over generations and reflect a cosmological relationship intrinsic to the culture.

Scholars who study rock paintings or artifacts from prehistoric contexts that lack utilitarian explanations often categorize these works as decorative, ritualistic, or symbolic. They acknowledge the complexities associated with the term ""art,"" which can lead to interpretive challenges. 


The motivated purposes of art refer to the intentional and conscious actions undertaken by artists or creators. These purposes may include advocating for political change, commenting on societal issues, conveying specific emotions or moods, addressing personal psychological experiences, illustrating concepts from other disciplines, promoting commercial products, or serving as a means of communication.

At its core, art functions as a form of communication. Like other forms of communication, it typically has an intent or goal directed toward an audience, thereby embodying a motivated purpose.","In various cultures, art plays The significant art in rituals, performances, and dances, often serving as decoration or symbol. While these artistic expressions may not have a specific utilitarian purpose, anthropologists recognize that they often convey deeper meanings within their respective cultures. Such meanings are typically shaped over generations and reflect a cosmological relationship intrinsic to the culture.

Scholars who study rock paintings or artifacts from prehistoric contexts that lack utilitarian explanations often categorize these works as decorative, ritualistic, or symbolic. They acknowledge the complexities associated with the term ""art,"" which can lead to interpretive challenges. 


The motivated purposes of art refer to the intentional and conscious actions undertaken by artists or creators. These purposes may include advocating for political change, commenting on societal issues, conveying specific emotions or moods, addressing personal psychological experiences, illustrating concepts from other disciplines, promoting commercial products, or serving as a means of communication.

At its core, art functions in a form of communication. Like other forms of communication, it typically has an intent or goal directed toward an audience, thereby embodying a motivated purpose.",0.00016948410484474152,0.00017443519027438015,0.00016948410484474152,0.00017443519027438015
15,"The Diagnostic Drawing Series (DDS) is a therapeutic tool utilized to assess the personality and emotional functioning of individuals. Unlike traditional assessments, the primary objective of the DDS is not the final artwork produced, but rather the healing process facilitated through creative expression. The artwork generated during this process can provide valuable insights into the individual's emotional challenges and may inform more conventional psychiatric treatment approaches.


Art has long been employed as a medium for propaganda, serving to subtly influence public perceptions and emotions. Similarly, commercial art aims to evoke specific feelings that encourage consumer behavior. In both contexts, the intent is to guide the viewer's emotional or psychological response toward particular ideas or products.


The capacity of the human brain is often considered to exceed the requirements for survival in ancestral environments. One explanation from evolutionary psychology posits that traits such as artistic ability and creativity function similarly to the peacock's tail, which serves as an indicator of fitness to potential mates. This concept relates to theories such as Fisherian runaway and the handicap principle, suggesting that these traits may have evolved to enhance reproductive success.","The Diagnostic Drawing Series (DDS) is a therapeutic tool utilized to assess the personality and emotional functioning that individuals. Unlike traditional assessments, the primary objective of the handDS is not the final artwork produced, and rather the healing process facilitated through creative expression. The artwork generated during this process can provide valuable insights of the individual's emotional challenges and may inform more conventional psychiatric treatment approaches.


Art has long linked employed as a medium for propaganda, serving to subtly influence public perceptions and emotions. Similarly, commercial art aims to evoke specific feelings that encourage consumer behavior. In both contexts, the intent is to guide the viewer's emotional or psychological response toward particular ideas or products.


The capacity of the human brain is often considered to exceed the requirements for survival in ancestral environments. One explanation from evolutionary psychology posits at traits such as artistic ability and creativity function similarly to the peacock's tail, which serves as an indicator on fitness to potential mates. This concept relates to theories such as Fisherian runaway and the handicap principle, suggesting that these traits may have evolved to enhance reproductive t.",0.003581147873774171,0.0007007641834206879,0.003581147873774171,0.0007007641834206879
16,"Research indicates that a significant majority of visual arts students recognize reflection as a crucial component of the artistic process. Educational journals emphasize that reflection is integral to the overall experience of creating and engaging with art. 

Art serves not only as a medium for personal expression but also as a means for others to view and appreciate its value. While discussions often center around the perceived quality or success of art among audiences, its significance extends beyond commercial success. Art plays a vital role in society by providing information and contributing to overall well-being. The enjoyment of art can evoke a diverse range of emotions, often stemming from its inherent beauty.

Additionally, some artworks are designed with practical purposes in mind, encouraging analytical discourse and stimulating conversation among viewers. 

Historically, art has frequently been associated with displays of wealth and power, often characterized by grand scale and the use of costly materials. Many artworks have been commissioned by political leaders or religious institutions, with more accessible versions typically reserved for the affluent. However, there have been numerous periods in history when high-quality art was available to broader segments of society, particularly through affordable mediums such as pottery, which can endure over time, as well as through more ephemeral materials like textiles and wood. 

In summary, the multifaceted nature of art encompasses personal reflection, societal engagement, and historical context, highlighting its enduring significance across cultures and eras.","Research indicates about a significant majority with visual arts students recognize reflection as a crucial component of the artistic process. Educational journals emphasize that reflection is integral to the overall experience of creating and engaging with art. 

Art serves not truly as a medium for personal expression but also as a means for others to view and appreciate its value. While discussions often center around the perceived quality or success of art among audiences, its significance extends beyond commercial success. Art plays a vital alternative of society by providing information and contributing to overall well-being. The enjoyment of art can evoke a diverse range of emotions, often stemming for its inherent beauty.

Additionally, some artworks are designed with practical purposes in continue, encouraging analytical discourse and stimulating conversation among viewers. 

Historically, art has frequently been associated with displays of wealth and power, often characterized by grand scale and the use of costly materials. Many artworks have been commissioned by political leaders or religious institutions, with more accessible versions typically reserved By the affluent. However, there have been numerous periods in history when high-quality art was available to broader segments in th, particularly through affordable mediums such as pottery, which can endure over time, as well for through more ephemeral materials like textiles and wood. 

In summary, the multifaceted nature of art encompasses personal reflection, societal engagement, and historical context, highlighting its enduring significance across cultures and eras.",0.004187931306660175,0.00018549511150922626,0.004187931306660175,0.00018549511150922626
17,"The building currently housing the Museo del Prado in Madrid was constructed prior to the French Revolution to facilitate the public display of portions of the royal art collection. Similar royal galleries accessible to the public were established in cities such as Vienna and Munich. The opening of the Musée du Louvre in 1793, during the French Revolution, marked a significant milestone in the evolution of public access to art, as it transitioned ownership of the former French royal collection to a republican state. This development, however, was part of a broader trend that had already begun.

The establishment of modern public museums and art education programs for children in schools can largely be traced back to the desire to make art accessible to all. Museums serve not only to provide access to art but also to shape the audience's perception of it. Research indicates that museums play an active and significant role in influencing how art is understood and appreciated in contemporary society.

In the United States, many museums are established as gifts from affluent individuals to the general public. For instance, the Metropolitan Museum of Art in New York City was founded by John Taylor Johnston, a railroad executive whose personal art collection served as the foundation for the museum.","The building currently housing the Museo del Prado in Madrid was constructed prior to the French Revolution to facilitate the public display by portions in the royal art collection. Similar royal galleries accessible to the Solomon were established in cities such with Vienna and Munich. The opening of the Musée du Louvre in 1793, during the French Revolution, marked a significant milestone in the evolution in public access to art, as it transitioned ownership of the former French royal collection to a republican state. This development, however, was part of a broader trend that had already begun.

The establishment of modern public museums and art education programs for children in schools can largely be traced back to the desire to make art accessible to all. Museums serve not only to provide access to art but also to shape the audience's perception of it. Research indicates in museums play an active and significant Museum of influencing how art is understood and appreciated in contemporary society.

In the United limitations, many museums are established as gifts from affluent individuals to the general Solomon. For instance, the Metropolitan fine for art in New York City was founded by John Taylor Johnston, a railroad executive whose personal art collection served as the foundation for the museum.",0.0006766077713109553,0.00017042482795659453,0.0006766077713109553,0.00017042482795659453
18,"Art for social inquiry, subversion, or anarchy encompasses artistic practices that aim to question societal norms and provoke thought, often without a specific political agenda. Unlike art focused on political change, subversive or deconstructivist art critiques various aspects of society, encouraging viewers to reflect on their beliefs and values.

One prominent form of subversive art is graffiti, which includes street art created through spray-painting or stenciling on publicly visible surfaces such as walls, buildings, buses, trains, and bridges, often without official permission. While graffiti can serve as a powerful medium for social commentary, it may also be deemed illegal when it violates laws against vandalism.


Art serves as a vital tool for raising awareness about numerous social issues. Various artistic initiatives have been developed to highlight causes such as autism, cancer, human trafficking, ocean conservation, human rights violations in Darfur, the plight of murdered and missing Aboriginal women, elder abuse, and pollution. 

One notable example is ""trashion,"" a movement that repurposes waste materials into fashion items, exemplified by artists like Marina DeBris. This approach not only promotes creativity but also raises awareness about environmental issues and the impact of pollution.


Art is also recognized for its therapeutic potential, providing psychological benefits and promoting healing. Various art forms are utilized in therapeutic settings to support mental health, foster emotional expression, and facilitate personal growth. Through creative engagement, individuals can explore their feelings, confront challenges, and enhance their overall well-being.","Art for social inquiry, subversion, or anarchy encompasses artistic practices that aim to question societal norms and provoke thought, often without a specific political agenda. Unlike art focused for political change, subversive or deconstructivist art critiques various aspects For society, encouraging viewers to reflect on their beliefs and values.

One prominent form of subversive art is graffiti, which includes street include created through spray-painting or stenciling on publicly visible surfaces such as walls, buildings, buses, trains, and bridges, often without official permission. While graffiti can serve as a powerful medium for social commentary, it may also be deemed illegal when it violates laws against vandalism.


Art serves as the vital tool for raising music about numerous social issues. Various artistic initiatives have been developed to highlight causes such as autism, cancer, human trafficking, ocean conservation, human rights violations in Darfur, the plight in murdered and missing Aboriginal women, elder abuse, and pollution. 

One notable example is ""trashion,"" a movement that repurposes waste materials into fashion items, exemplified by artists like Marina DeBris. This approach not only promotes creativity but also raises text about environmental issues and the impact of pollution.


Art is also recognized for its therapeutic potential, providing psychological benefits and promoting healing. Various art forms are utilized in therapeutic settings to support mental something, foster emotional expression, and facilitate personal growth. Through creative engagement, individuals can explore their feelings, confront challenges, and enhance their overall well-being.",0.016013436019420624,0.00018147449009120464,0.016013436019420624,0.00018147449009120464
19,"The functions of art are not mutually exclusive; many may overlap. For instance, art created for entertainment purposes may also serve commercial objectives, such as promoting a movie or video game.


The creative process can be divided into various steps, although there is no universal agreement on the exact number. This section outlines three broad stages: preparation, creation, and reflection.

In the initial stage, the artist envisions the artwork in their mind. This involves imagining the final piece and beginning the journey to bring it into existence. Preparation may also include researching the subject matter and gathering inspiration. Artistic inspiration often arises from instinct, impressions, and emotions.

The second stage involves the actual execution of the artwork. Various factors, such as the artist's mood, environment, and mental state, can influence this process. For example, Francisco de Goya's ""Black Paintings,"" created during his later years, are characterized by their somber themes, likely reflecting his isolation and experiences during wartime. Goya painted these works directly on the walls of his apartment in Spain and reportedly did not discuss them with anyone. Similarly, members of The Beatles have noted that substances like LSD and cannabis played a role in shaping some of their most iconic songs, including those on the album ""Revolver."" The process of trial and error is often an integral part of creation, allowing artists to explore and refine their ideas.

While not explicitly outlined in the original text, reflection is a crucial component of the artistic process. After completing a work, artists often assess their creation, considering its impact and the emotions it evokes. This stage can lead to further inspiration and inform future projects.

In summary, the artistic process is multifaceted, encompassing preparation, creation, and reflection, each contributing to the overall experience and outcome of the artwork.","The functions of art are not mutually reputable; many may overlap. For instance, art created for entertainment purposes may also serve commercial objectives, such Whether promoting a movie or video representative.


The creative process can be divided By various steps, although there is no universal agreement on the exact number. This section outlines three broad stages: preparation, creation, and reflection.

In the initial stage, the artist envisions the artwork in their mind. This involves imagining the final piece and beginning the journey to bring it into existence. Preparation may also include researching the subject matter and gathering inspiration. Artistic inspiration often arises from instinct, impressions, and emotions.

The second artist involves the actual execution of the artwork. Various factors, such between the artist's mood, environment, and mental overlap, can influence this process. For example, Francisco de Goya's ""Black Paintings,"" created during his later years, are characterized While their somber themes, likely reflecting his isolation and experiences during wartime. Goya painted these works directly on the walls by his apartment in Spain and reportedly did not discuss them with anyone. Similarly, members that The Beatles have noted that substances like LSD and cannabis played a role for shaping some Whether their most iconic songs, including those on the album ""Revolver."" The process of trial and approach is often an integral share of creation, allowing artists to explore and refine their ideas.

While not explicitly outlined in the original text, reflection is a crucial component in the artistic skill. After completing a work, artists often assess their creation, considering its impact and the emotions it evokes. This stage can lead to further inspiration and inform future projects.

In summary, the artistic expression is multifaceted, encompassing preparation, creation, or Output, each contributing to the overall experience and outcome of the artwork.",0.002831460442394018,0.00017449157894589007,0.002831460442394018,0.00017449157894589007
20,"Egyptian temples are characterized by their grand and elaborate decorations, primarily located in areas visible to the general public. This design choice contrasts with the more austere sections reserved for priests, which were less accessible. 

In addition to temples, many royal palaces, castles, and residences of the social elite often allowed public access to certain areas. Art collections within these spaces could frequently be viewed by the public, either for free or for a nominal fee. Access was sometimes regulated by specific dress codes, as exemplified by the Palace of Versailles, where visitors could rent accessories such as silver shoe buckles and swords to meet the required attire.

Special arrangements were also made to enable public viewings of royal and private collections. For instance, the Orleans Collection, primarily housed in a wing of the Palais Royal in Paris, was open to visitors for much of the 18th century. 

In Italy, the phenomenon of art tourism, particularly during the Grand Tour, emerged as a significant industry from the Renaissance onward. Governments and cities actively promoted access to their key artistic works, further enhancing the cultural experience for visitors.","Egyptian temples are characterized in their grand and elaborate decorations, primarily located in areas visible to the general appreciate. This design choice contrasts in the more austere sections reserved in priests, which were less accessible. 

In addition to temples, many royal palaces, castles, and residences of the social elite often allowed public access to certain areas. Art collections within these spaces could frequently be viewed by the s, either for free or for a nominal s. Access was sometimes regulated by specific dress visitors, as exemplified by the Palace between Versailles, where visitors could rent accessories such As silver shoe buckles and swords to meet the required attire.

Special arrangements were also made to enable public viewings of royal and private collections. For instance, the Orleans Collection, primarily housed in a wing of the Palais Royal in Paris, was open to visitors for much among the 18th century. 

In Italy, the phenomenon of art tourism, particularly during Some Grand Tour, emerged as a significant industry from the Renaissance onward. Governments and cities actively promoted access to their key artistic works, further enhancing the cultural experience for visitors.",0.00039088085759431124,0.0003639910137280822,0.00039088085759431124,0.0003639910137280822
21,"Art serves as a multifaceted medium for communication, conveying not only scientific concepts but also emotions, moods, and feelings. According to Steve Mithen, art comprises artifacts or images imbued with symbolic meanings, functioning as a means of communication.


Art often aims to evoke specific emotions or moods, providing relaxation or entertainment for the viewer. This purpose is particularly evident in the art industries, including motion pictures and video games, where the primary goal is to engage and entertain audiences.


A significant aspect of early 20th-century art was its role in advocating for political change. Various art movements, such as Dadaism, Surrealism, Russian Constructivism, and Abstract Expressionism, collectively known as the avant-garde, sought to challenge societal norms and provoke thought through visual imagery.


The realistic attitude, influenced by positivism and spanning from thinkers like Saint Thomas Aquinas to Anatole France, has been critiqued for its perceived hostility towards intellectual and moral advancement. André Breton, a prominent figure in Surrealism, expressed disdain for this perspective, describing it as a source of mediocrity and a hindrance to both science and art. He argued that such an attitude fosters a culture that caters to the lowest common denominator, ultimately stifling creativity and innovation.


Art is often viewed as a ""free zone,"" a space where creators can explore ideas without the constraints of societal censure. This freedom allows for the exploration of diverse themes and perspectives, contributing to the rich tapestry of artistic expression.","Art serves as a multifaceted medium for communication, conveying not only scientific concepts but also emotions, moods, and feelings. According to Steve Mithen, art comprises artifacts or images imbued with symbolic meanings, functioning as a means of communication.


Art often aims to evoke specific emotions or moods, providing relaxation or entertainment for the viewer. This purpose is particularly evident in the art industries, including motion pictures and video forms, where the primary goal is to engage and entertain audiences.


A significant aspect in early 20th-century art was its role in advocating for political change. Various art movements, such as Dadaism, Surrealism, Russian Constructivism, and Abstract selfism, collectively known By the avant-garde, sought to challenge societal norms and provoke thought through visual imagery.


The realistic attitude, influenced by positivism and spanning from thinkers like Saint Thomas Aquinas to Anatole France, has been critiqued for its perceived hostility towards intellectual and moral advancement. André Breton, a prominent figure of Surrealism, expressed disdain as this perspective, describing it without a source from mediocrity and a hindrance to both science and art. He argued that such an attitude fosters a culture that caters to the lowest common paintingator, ultimately stifling creativity and innovation.


Art is often viewed as a ""free zone,"" a space where creators can explore ideas without the constraints of societal censure. This freedom allows for the exploration of diverse themes and perspectives, contributing to the rich tapestry as artistic expression.",0.00019914229051209986,0.00017774378648027778,0.00019914229051209986,0.00017774378648027778
22,"Reproductive methods, such as molds, facilitated mass production and enabled the distribution of high-quality Ancient Roman pottery and Greek Tanagra figurines to a broad market. Cylinder seals, which served both artistic and practical purposes, were widely utilized by the emerging middle class in the Ancient Near East. 

With the advent of coinage, coins evolved into an art form that permeated various societal levels. A significant innovation occurred in the 15th century in Europe, when printmaking began with small woodcuts, predominantly religious in nature. These prints were often small, hand-colored, and affordable, allowing even peasants to decorate their homes by gluing them to the walls.

Initially, printed books were costly, but their prices steadily decreased, making them accessible to the poorer segments of society by the 19th century. For centuries, popular prints of diverse types have adorned homes and public spaces.

In 1661, Basel, Switzerland, established the first public art museum in the world, the Kunstmuseum Basel. The museum's collection spans an impressive historical range, from the early 15th century to the present day. Its focus areas contribute to its international reputation as one of the most significant museums of its kind, featuring paintings and drawings by artists active in the Upper Rhine region between 1400 and 1600, as well as works from the 19th to 21st centuries.","Reproductive methods, such as molds, facilitated mass production and enabled the distribution of high-quality Ancient Roman pottery and Greek Tanagra figurines to a broad market. Cylinder seals, which served both artistic and practical Replications, were widely utilized by the emerging middle class in the Ancient Near en. 

With the advent of coinage, coins evolved into an art pattern that permeated various societal levels. A significant innovation occurred in the 15th century in Europe, when printmaking began with small woodcuts, predominantly religious in nature. These prints were often small, hand-colored, and affordable, allowing even peasants to decorate their homes by gluing them to the walls.

Initially, printed books were costly, but their prices steadily decreased, making them accessible to the poorer segments of society by the 19th Reproduction. For centuries, popular prints of diverse types have adorned homes and public spaces.

In 1661, Basel, Switzerland, established the first public art museum in the world, the Kunstmuseum Basel. The museum's collection spans an impressive historical range, from the early 15th multiplication to the present day. Its focus areas contribute to its international reputation as one like The most significant museums of its kind, featuring paintings and drawings by artists active in the Upper Rhine region between 1400 and 1600, as well of works from the 19th to 21st methods.",0.0009282203973270953,0.00021450860367622226,0.0009282203973270953,0.00021450860367622226
23,"Throughout history, artists have sought to create works that resist commodification and cannot be acquired by the wealthy as mere status symbols. A significant motivation for many artists during the late 1960s and 1970s was to produce art that transcended traditional buying and selling. Prominent post-war German artist Joseph Beuys articulated this sentiment, stating, ""It is necessary to present something more than mere objects.""

This era witnessed the emergence of various art forms, including performance art, video art, and conceptual art. The underlying principle was that if an artwork existed as a performance or an idea, it could not be commodified. The notion that art should not be treated as a commodity spurred aesthetic innovations that flourished in the mid-1960s and continued throughout the 1970s. Artists associated with Conceptual art often replaced traditional material forms with performance and publishing activities, aiming to challenge the perception of the art object as a mere commodity.

In subsequent decades, however, the initial intentions behind these movements have been somewhat overshadowed. The art market has adapted by finding ways to monetize these non-traditional forms, such as selling limited edition DVDs of video works, offering exclusive invitations to performance art events, and marketing the remnants of conceptual pieces. This evolution raises questions about the ongoing tension between artistic intent and market dynamics.","Throughout history, artists have sought to create works that resist commodification and cannot be acquired by the wealthy as mere status boundaries. A significant motivation for many artists during the late 1960s and 1970s was to produce art of transcended traditional buying and selling. Prominent post-war German artist Joseph Beuys articulated this sentiment, stating, ""It is necessary to present something more than mere objects.""

This era witnessed the emergence for various art forms, including performance art, video art, and conceptual s. The underlying principle was that if an artwork existed as a performance or an idea, it could not be commodified. The notion that art should not be treated Despite a commodity spurred aesthetic innovations that flourished in the mid-1960s and continued throughout the 1970s. Artists associated with Conceptual art often replaced traditional material forms with performance and publishing activities, aiming to challenge the perception of the art object as a mere commodity.

In subsequent decades, however, the initial intentions behind these movements have been somewhat overshadowed. The art market has adapted by finding ways to monetize these non-traditional forms, such without selling limited edition DVDs of video works, offering exclusive invitations to performance art events, and marketing the remnants behind conceptual pieces. This evolution raises questions about the ongoing tension that artistic intent and market dynamics.",0.8447034358978271,0.0004688406188506633,0.8447034358978271,0.0004688406188506633
24,"In contemporary discussions of art, the marker of status has shifted from ownership to understanding the work itself. This evolution suggests that engagement with art is increasingly seen as an upper-class activity. The advent of DVD recording technology in the early 2000s provided artists and the gallery system with a significant tool for managing the distribution of video and computer artworks. This technology enabled the sale of limited editions to collectors, thereby enhancing the control artists have over their work.


Art has historically been a source of controversy, often eliciting strong reactions from viewers for various reasons. Many pre-modern controversies are poorly documented or have been lost to contemporary understanding. 


Additionally, art has faced criticism for its portrayal of unpopular figures, political parties, or groups. Artistic conventions, often upheld by critics, can be conservative and rigorously enforced, although public reception may vary. The iconographic content of artworks can also provoke controversy, as seen in late medieval depictions of the Swoon of the Virgin during the Crucifixion of Jesus.","In contemporary discussions of art, the marker of status has shifted from ownership to understanding the work itself. This evolution suggests that engagement with art is increasingly seen As an upper-class activity. The advent of DVD recording technology in the early 2000s provided artists and the gallery system among a significant tool for managing the distribution in video and computer artworks. This technology enabled the sale in limited editions to collectors, thereby enhancing the control artists have during their work.


Art has historically been a source of controversy, often eliciting strong reactions from viewers for various qualities. Many pre-modern controversies are poorly documented or have been lost to contemporary understanding. 


Additionally, art has faced criticism for its portrayal of unpopular figures, political parties, or groups. Artistic conventions, often upheld by critics, can be conservative and rigorously enforced, although public reception may vary. The iconographic content of artworks can also provoke controversy, as seen as late medieval depictions of the Swoon of the Virgin during the Crucifixion of Jesus.",0.45772308111190796,0.012837640009820461,0.45772308111190796,0.012837640009820461
25,"Throughout history, the content of formal art has often been influenced by patrons or commissioners rather than solely by the artists themselves. However, with the emergence of Romanticism and significant economic changes in art production, the artist's vision increasingly became the primary determinant of artistic content. This shift led to a rise in controversies surrounding artworks, although the significance of these controversies varied.

Artists were motivated by strong incentives for originality and public attention, which often encouraged them to engage in controversial themes. For instance, Théodore Géricault's 
John Singer Sargent's 
The gradual departure from naturalism and the realistic depiction of subjects in the 19th and 20th centuries contributed to a protracted period of artistic controversy, lasting over a century. This evolution reflects the ongoing dialogue between artists and societal expectations, highlighting the complex relationship between art, culture, and public perception.","Throughout history, the content of formal art has often been influenced by patrons or commissioners rather than solely by the artists themselves. However, with the emergence of Romanticism and significant economic changes in art production, the artist's vision increasingly became the primary determinant Throughout artistic content. This shift led to a rise while controversies surrounding artworks, although the significance by these controversies varied.

Artists were motivated by strong incentives for originality and public attention, which often encouraged them to engage in controversial themes. For instance, Théodore Géricault's 
John Singer Sargent's 
The gradual departure from naturalism and the realistic depiction of subjects in the 19th and 20th means contributed to a protracted period of artistic controversy, lasting over a century. This evolution reflects the ongoing dialogue between artists and societal expectations, highlighting the complex relationship throughout art, culture, and public perception.",0.9995346069335938,0.00034810195211321115,0.9995346069335938,0.00034810195211321115
26,"The act of creating a work of art, while potentially interesting, does not necessarily influence its correct interpretation. Gaut and Livingston distinguish between two critical approaches: intentionalism and formalism. Intentionalists assert that understanding the creator's intentions is vital for accurately interpreting a work, whereas formalists maintain that the work should be analyzed independently of the creator's intentions.

Richard Wollheim emphasizes this perspective by stating, ""The task of criticism is the reconstruction of the creative process, where the creative process must in turn be thought of as something not stopping short of, but terminating on, the work of art itself."" This highlights the belief that the intentions behind a work are integral to its meaning.


The late 20th century gave rise to a significant discourse known as the linguistic turn controversy, often referred to as the ""innocent eye debate"" within the philosophy of art. This debate centers on the relationship between language, interpretation, and the perception of art, further complicating the discussions surrounding intentionalism and formalism.","The act of creating a work of art, while potentially interesting, does entirely necessarily influence its correct interpretation. Gaut and Livingston distinguish between two critical approaches: intentionalism and formalism. Intentionalists assert that understanding the creator's intentions is vital for accurately interpreting a offer, whereas variousists maintain Despite the work should be analyzed independently of the creator's intentions.

Richard Wollheim emphasizes this perspective by stating, ""The task of criticism is the reconstruction of the creative process, where the creative process must in turn be thought of as something not stopping short of, but terminating on, the work of art itself."" This highlights the belief of the intentions behind a work are integral to its meaning.


The late 20th century gave rise to a significant discourse known into the linguistic turn controversy, often referred to of the ""innocent eye debate"" within the philosophy of art. This debate centers on the relationship of language, interpretation, and the perception of art, further complicating the discussions surrounding intentionalism and formalism.",0.5997243523597717,0.021297313272953033,0.5997243523597717,0.021297313272953033
27,"Pop art emerged as a significant movement in the mid-20th century, with artists such as Andy Warhol gaining prominence for their works that both celebrated and critiqued popular culture and the art world itself. This movement laid the groundwork for subsequent generations of artists in the 1980s, 1990s, and 2000s, who expanded the practice of self-criticism to encompass a broader range of cultural image-making. This included not only fine art but also fashion imagery, comics, billboards, and pornography.

The conceptual foundations of pop art can be traced back to the ideas of Marcel Duchamp, who suggested that art encompasses any activity. This perspective raises questions about the criteria by which certain activities are classified as art today, highlighting the notion that these classifications are socially constructed. 

In ""The Invention of Art: A Cultural History,"" Larry Shiner explores the evolution of the modern art system, specifically the distinction between fine art and other forms of creative expression. He argues that the ancient Greek society did not have a term equivalent to ""art""; instead, they used the word ""techne."" This term encompassed a wide range of skilled human activities, including painting, sculpture, and music, as well as cooking, medicine, horsemanship, geometry, carpentry, prophecy, and farming. The contemporary distinctions between art and craft are thus viewed as historical constructs that emerged later in human history. 

Overall, the pop art movement and its subsequent developments reflect a complex interplay between cultural critique and the evolving definitions of art.","Pop art emerged as a significant movement in the mid-20th context, with artists such into Andy Warhol gaining prominence for their works that both celebrated and critiqued popular culture and the art world itself. This movement laid a groundwork While subsequent generations of artists in the 1980s, 1990s, and 2000s, who expanded the practice of self-criticism to encompass a broader range While cultural image-making. This included not only fine art but also fashion imagery, comics, billboards, and pornography.

The conceptual foundations of pop art can be traced back to the ideas of Marcel Duchamp, who suggested that art encompasses any activity. This perspective raises questions about the criteria by which certain activities are classified as art today, highlighting the notion that these classifications are socially constructed. 

In ""The Invention of Art: A Cultural History,"" Larry Shiner explores the evolution that the modern art system, specifically the distinction that fine art and other forms of creative medium. He argues of the ancient Greek society did not have a term equivalent to ""art""; instead, they used the word ""techne."" This term encompassed a wide range of skilled human activities, including painting, sculpture, and music, as so over cooking, medicine, horsemanship, geometry, carpentry, prophecy, and farming. The contemporary distinctions between art and craft are thus viewed as historical constructs that emerged later in human role. 

Overall, the pop art movement and its subsequent developments reflect a complex interplay between cultural critique and the evolving definitions with art.",0.9980083107948303,0.00018343617557547987,0.9980083107948303,0.00018343617557547987
28,"The emergence of the New Criticism school sparked significant debate regarding the intentional fallacy. This concept revolves around the question of whether the aesthetic intentions of an artist should influence the criticism and evaluation of their work. Specifically, it examines whether a work of art should be assessed based on its own merits, independent of the artist's intentions.

In 1946, William K. Wimsatt and Monroe Beardsley published a seminal and contentious essay titled ""The Intentional Fallacy."" In this work, they argued against the relevance of an author's intention, or ""intended meaning,"" in the analysis of literary texts. Wimsatt and Beardsley posited that the text itself should be the sole focus of literary analysis, asserting that any external meanings derived from the author's intentions could be distracting and irrelevant.

In conjunction with this essay, Wimsatt and Beardsley also authored ""The Affective Fallacy,"" which addressed the role of the reader's personal and emotional responses in literary analysis. They contended that such reactions should not be considered valid means of evaluating a text. This perspective was later challenged by theorists associated with the reader-response school of literary theory. Notably, Stanley Fish, a prominent figure in this movement, was initially trained in New Criticism and critiqued Wimsatt and Beardsley in his 1970 essay ""Literature in the Reader."" 

The discussions surrounding the intentional and affective fallacies continue to influence literary criticism and theory, highlighting the ongoing tension between authorial intent, textual analysis, and reader interpretation.","The emergence by the New Criticism school sparked significant debate regarding the intentional fallacy. This concept revolves between the question of whether the aesthetic intentions of an artist should influence the criticism and evaluation of their artifact. Specifically, it examines whether a work of argue should be assessed based into its own merits, independent that the artist's intentions.

In 1946, William K. Wimsatt and Monroe Beardsley published a seminal and contentious essay titled ""The Intentional Fallacy."" In this work, they argued against the relevance of an author's intention, or ""intended meaning,"" in the analysis for literary texts. Wimsatt and Beardsley posited that the text itself should be the sole focus for literary analysis, asserting with any external meanings derived for the author's intentions could be distracting and irrelevant.

In conjunction of this essay, Wimsatt and Beardsley also authored ""The Affective Fallacy,"" which addressed the role in the reader's personal and emotional responses in literary analysis. They contended beyond such reactions should not be considered valid means of evaluating a text. This perspective was later challenged by theorists associated Despite the reader-response school of literary theory. Notably, Stanley Fish, a prominent figure of this movement, was initially trained in New firmicism and critiqued Wimsatt and Beardsley in his 1970 essay ""Literature in the Reader."" 

The discussions surrounding the intentional and affective fallacies continue to influence literary criticism and theory, highlighting the ongoing tension While authorial intent, textual analysis, and reader interpretation.",0.11610497534275055,0.00018452627409715205,0.11610497534275055,0.00018452627409715205
29,"The linguistic turn in art history and the humanities has been significantly influenced by the structuralism of Ferdinand de Saussure and the subsequent movement of poststructuralism. In 1981, artist Mark Tansey created a notable work titled 
Key theorists in this discourse include Judith Butler, Luce Irigaray, Julia Kristeva, Michel Foucault, and Jacques Derrida. The role of language, particularly certain rhetorical tropes, in shaping art history and historical discourse has been examined by Hayden White. This perspective emphasizes that language is not merely a transparent medium for conveying thought, a notion also highlighted by philosophers Johann Georg Hamann and Wilhelm von Humboldt.

During the 1960s and 1970s, scholars such as Ernst Gombrich and Nelson Goodman, in his work *Languages of Art: An Approach to a Theory of Symbols*, argued that the conceptual engagement with a work of art took precedence over its perceptual and visual experience. This shift in focus has had lasting implications for the study of art and its interpretation within the broader context of humanities.","The linguistic turn in art history and the humanities has been significantly influenced by the structuralism of Ferdinand de Saussure and the subsequent movement of poststructuralism. In 1981, artist Mark Tansey created a notable work titled 
Key theorists in this discourse include Judith Butler, Luce Irigaray, Julia Kristeva, Michel languagecault, and Jacques Derrida. The role by language, particularly certain rhetorical tropes, in shaping art history and historical discourse has been examined by Hayden White. This perspective emphasizes that language is not merely a transparent medium for conveying thought, a notion also highlighted of philosophers Johann Georg Hamann and Wilhelm von Humboldt.

During a 1960s and 1970s, scholars such During Ernst Gombrich and Nelson Goodman, in his work *Languages of Art: An Approach to a Theory of Symbols*, argued that the conceptual engagement with a work of art took precedence for its perceptual and visual experience. This shift in focus has had lasting implications of the study of art and its interpretation within the broader context of humanities.",0.0076405685395002365,0.018956810235977173,0.0076405685395002365,0.018956810235977173
